{"last_tab":"1","mt_breadcrumbs_delimitator":"/","mt_body_global_bg":"#ffffff","mt_backtotop_status":"1","mt_backtotop_bg_color":"transparent","mt_backtotop_bg_color_hover":"transparent","mt_backtotop_text_color":"#ffffff","mt_backtotop_text_color_hover":"#ffffff","mt_preloader_status":"1","mt_preloader_bg_color":{"background-color":"","background-repeat":"","background-size":"","background-attachment":"","background-position":"","background-image":"","media":{"id":"","height":"","width":"","thumbnail":""}},"mt_preloader_color":"#ffffff","mt_preloader_animation":"v16_ball_scale_multiple","mt_dynamic_sidebars":[""],"mt_google_fonts_select":["Open+Sans:300,300italic,regular,italic,600,600italic,700,700italic,800,800italic,vietnamese,greek,latin-ext,greek-ext,cyrillic-ext,latin,cyrillic"],"mt_predefined_skin":"skin_turquoise","mt_predefined_skin_custom_skin":"1","mt_predefined_skin_custom_skin_main_bg":"#34bfa3","mt_predefined_skin_custom_skin_main_bg_hover":"#34bfa3","mt_predefined_skin_custom_skin_semitransparent_blocks":{"color":"#34bfa3","alpha":"0.51","rgba":"rgba(52,191,163,0.51)"},"mt_global_link_styling":{"regular":"#34bfa3","hover":"#34bfa3","active":"#34bfa3"},"mt_style_main_texts_color":"#34bfa3","mt_style_main_backgrounds_color":"#34bfa3","mt_style_main_backgrounds_color_hover":"#252525","mt_style_semi_opacity_backgrounds":{"color":"#252525","alpha":".95","rgba":"rgba(37,37,37,0.95)"},"mt_text_selection_color":"#ffffff","mt_text_selection_background_color":"#34bfa3","mt_nav_menu_color":"#ffffff","mt_nav_menu_hover_color":"#ffffff","mt_nav_submenu_background":"#ffffff","mt_nav_submenu_color":"#252525","mt_nav_submenu_hover_background_color":"transparent","mt_nav_submenu_hover_text_color":"","mt_body_typography":{"font-family":"Open Sans","font-options":"","google":"1","font-backup":""},"mt_heading_h1":{"font-family":"Open Sans","font-options":"","google":"1","font-backup":"","font-weight":"300","font-style":"","font-size":"36px","line-height":"36px","letter-spacing":""},"mt_heading_h2":{"font-family":"Open Sans","font-options":"","google":"1","font-backup":"","font-weight":"700","font-style":"","font-size":"30px","line-height":"30px","letter-spacing":""},"mt_heading_h3":{"font-family":"Open Sans","font-options":"","google":"1","font-backup":"","font-weight":"700","font-style":"","font-size":"24px","line-height":"24px","letter-spacing":""},"mt_heading_h4":{"font-family":"Open Sans","font-options":"","google":"1","font-backup":"","font-size":"18px","line-height":"18px","letter-spacing":""},"mt_heading_h5":{"font-family":"Open Sans","font-options":"","google":"1","font-backup":"","font-size":"14px","line-height":"14px","letter-spacing":""},"mt_heading_h6":{"font-family":"Open Sans","font-options":"","google":"1","font-backup":"","font-size":"12px","line-height":"12px","letter-spacing":""},"mt_inputs_typography":{"font-family":"Open Sans","font-options":"","google":"1","font-backup":""},"mt_buttons_typography":{"font-family":"Open Sans","font-options":"","google":"1","font-backup":""},"mt_heading_h1_tablets":{"font-size":"36px","line-height":"39px"},"mt_heading_h2_tablets":{"font-size":"32px","line-height":"36px"},"mt_heading_h3_tablets":{"font-size":"28px","line-height":"32px"},"mt_heading_h4_tablets":{"font-size":"24px","line-height":"27px"},"mt_heading_h5_tablets":{"font-size":"20px","line-height":"23px"},"mt_heading_h6_tablets":{"font-size":"16px","line-height":"22px"},"mt_heading_paragraphs_tablets":{"font-size":"13px","line-height":"20px"},"mt_heading_h1_smartphones":{"font-size":"26px","line-height":"29px"},"mt_heading_h2_smartphones":{"font-size":"24px","line-height":"27px"},"mt_heading_h3_smartphones":{"font-size":"22px","line-height":"25px"},"mt_heading_h4_smartphones":{"font-size":"19px","line-height":"22px"},"mt_heading_h5_smartphones":{"font-size":"16px","line-height":"19px"},"mt_heading_h6_smartphones":{"font-size":"15px","line-height":"17px"},"mt_heading_paragraphs_smartphones":{"font-size":"13px","line-height":"20px"},"mt_header_layout":"header2","mt_header_main_background":{"background-color":"transparent","background-repeat":"","background-size":"","background-attachment":"","background-position":"","background-image":"","media":{"id":"","height":"","width":"","thumbnail":""}},"mt_header_top_main_background":{"background-color":"transparent","background-repeat":"","background-size":"","background-attachment":"","background-position":"","background-image":"","media":{"id":"","height":"","width":"","thumbnail":""}},"mt_is_nav_sticky":"","mt_header_is_search":"","mt_header_is_search_custom_styling":"","mt_header_search_color":"#252525","mt_header_search_color_hover":"#252525","mt_header_is_account":"1","mt_login_link_page":"#","mt_purchases_link_page":"#","mt_tickets_link_page":"#","mt_logo":{"url":"https://wikb.modeltheme.com/wp-content/themes/wikb/images/logo2.png","id":"","height":"","width":"","thumbnail":"","title":"","caption":"","alt":"","description":""},"mt_logo_max_width":"150","mt_favicon":{"url":"https://wikb.modeltheme.com/wp-content/themes/wikb/images/favicon.png","id":"","height":"","width":"","thumbnail":"","title":"","caption":"","alt":"","description":""},"mt_footer_top_background":{"background-color":"transparent","background-repeat":"","background-size":"","background-attachment":"","background-position":"","background-image":"","media":{"id":"","height":"","width":"","thumbnail":""}},"mt_footer_top_texts_color":{"color":"#fff","alpha":"1","rgba":"rgba(255,255,255,1)"},"mt_footer_row_1":"0","mt_footer_row_1_layout":"4","mt_footer_row_1_spacing":{"padding-top":"0","padding-right":"","padding-bottom":"0","padding-left":"","units":"px"},"mt_footer_row_1margin":{"margin-top":"0","margin-right":"","margin-bottom":"0","margin-left":"","units":"px"},"mt_footer_row_1border":{"border-top":"0px","border-right":"0px","border-bottom":"0px","border-left":"0px","border-style":"solid","border-color":"#515b5e"},"mt_footer_row_2":"0","mt_footer_row_2_layout":"4","footer_row_2_spacing":{"padding-top":"0","padding-right":"","padding-bottom":"40px","padding-left":"","units":"px"},"mt_footer_row_2margin":{"margin-top":"0","margin-right":"","margin-bottom":"40px","margin-left":"","units":"px"},"mt_footer_row_2border":{"border-top":"0px","border-right":"0px","border-bottom":"2px","border-left":"0px","border-style":"solid","border-color":"#515b5e"},"mt_footer_row_3":"0","mt_footer_row_3_layout":"4","mt_footer_row_3_spacing":{"padding-top":"0","padding-right":"","padding-bottom":"40px","padding-left":"","units":"px"},"mt_footer_row_3margin":{"margin-top":"0","margin-right":"","margin-bottom":"20px","margin-left":"","units":"px"},"mt_footer_row_3border":{"border-top":"0px","border-right":"0px","border-bottom":"2px","border-left":"0px","border-style":"solid","border-color":"#515b5e"},"mt_footer_text":"2019 © Theme Developed by <strong><a href=\"https://modeltheme.com\">ModelTheme</a></strong> <span class=\"pull-right\"><a href=\"#\">Privacy Policy</a> | <a href=\"#\">Terms &amp; Conditions</a></span>","mt_footer_bottom_background":{"background-color":"transparent","background-repeat":"","background-size":"","background-attachment":"","background-position":"","background-image":"","media":{"id":"","height":"","width":"","thumbnail":""}},"mt_footer_bottom_texts_color":{"color":"#959499","alpha":"1","rgba":"rgba(149,148,153,1)"},"mt_contact_phone":"1800.668.3322","mt_contact_email":"wikb@example.com","mt_contact_address":"New York 11673 Collins Street West Victoria United State.","mt_mailchimp_apikey":"da1175811870557923759df1b4258d0a-us9","mt_mailchimp_listid":"7ffd6ecdde","mt_mailchimp_data_center":"us9","mt_blog_layout":"mt_blog_fullwidth","mt_blog_layout_sidebar":"sidebar-1","mt_blog_post_title":"All Blog Posts","mt_single_blog_layout":"mt_single_blog_fullwidth","mt_single_blog_layout_sidebar":"sidebar-1","mt_single_post_typography":{"font-family":"Open Sans","font-options":"","google":"1","font-weight":"300","font-style":"","font-size":"14px","line-height":"26px","color":"#828282"},"mt_post_featured_image":"1","mt_enable_related_posts":"","mt_enable_post_navigation":"1","mt_enable_authorbio":"","mt_author_default_placeholder":{"url":"http://placehold.it/128x128","id":"","height":"","width":"","thumbnail":"","title":"","caption":"","alt":"","description":""},"mt_social_fb":"http://facebook.com","mt_social_tw":"https://twitter.com/","mt_social_pinterest":"","mt_social_skype":"","mt_social_instagram":"https://www.instagram.com","mt_social_youtube":"https://www.youtube.com","mt_social_dribbble":"","mt_social_gplus":"http://plus.google.com","mt_social_linkedin":"https://www.linkedin.com/","mt_social_deviantart":"","mt_social_digg":"","mt_social_flickr":"","mt_social_stumbleupon":"https://www.stumbleupon.com","mt_social_tumblr":"https://www.tumblr.com","mt_social_vimeo":"","mt_social_custom_styling":"","mt_social_custom_styling_color":"#777777","mt_social_custom_styling_color_hover":"#F1C40F","mt_tw_consumer_key":"iSbkrNtDw51LUizz5ouEkQ","mt_tw_consumer_secret":"pZe6vUWyWdHmfDEbGfcAJpu9uJnGeEDrgujuySqk","mt_tw_access_token":"2385448772-FXizji2NK4imcKoohcVu036VykIp5goymadiiYF","mt_tw_access_token_secret":"2wUWJhhnd0ErTCgOYoVokrGKPWV055F9K4Xv5JpOmUL2e","mt_knowledge_layout":"mt_knowledge_fullwidth","mt_knowledge_layout_sidebar":"sidebar-1","support_section":"<div class=\"title-subtile-holder text_center\" style=\"margin: 10px 0 40px;\">\r\n<h1 class=\"section-title dark_title\" style=\"text-align: left; box-shadow: 20px 37px 102px rgba(0, 0, 0, 0.098);\"><img class=\"aligncenter wp-image-20011 size-full\" src=\"https://wikb.modeltheme.com/wp-content/uploads/2019/07/knowledge-part.png\" alt=\"\" width=\"2548\" height=\"524\" /></h1>\r\n<h1></h1>\r\n<h1 class=\"section-title dark_title\" style=\"text-align: left; margin-top: 60px;\">Open a Support Ticket</h1>\r\n<p style=\"text-align: left;\">We create several unique, ready to use and highly customizable page layouts that are best suited for each specific topic.</p>\r\n\r\n</div>\r\n<p style=\"margin-bottom: 20px;\">Thank you so much for purchasing our theme! We look forward to providing you with a quality customer service, but before that, please take a few moments to familiarize yourself with the following terms and conditions, regarding the support we off</p>\r\n\r\n<ul>\r\n \t<li>Please be sure that you have read the documentation, which came bundled with your downloaded package. The documentation covers important topics, ranging from the installation of the theme, to its proper usage.</li>\r\n \t<li>Please open a public ticket, instead of a private one, if your ticket doesn't contain any sensitive information. Doing so will enable others to help you out with your issue, and find the solution to their own issue, in case they are experiencing the same problem.</li>\r\n \t<li>Please be aware that we try our best to monitor the forums around the clock, but because of a large amount of support inquires that we have to deal with on a daily basis, please allow up to 24-48 hours to receive an answer to your ticket.</li>\r\n \t<li>Before asking questions, please make sure you search through the open tickets to see if your question has already been answered, which means that you might not need to wait at all to get an answer..</li>\r\n \t<li>Support deals with installation of the theme, issues that arise from the usage of any features available by default, bug fixes, and\r\nsmall modifications within one or two lines of code. We do not offer support for installation or administration of WordPress itself, nor do we provide support for any third party plugins, or problems associated with using them in a combination with one of our themes.</li>\r\n \t<li>You have to understand that you buy the item as it is. If you want it to look or function different than what you see in the online demo you need to understand that this is not covered by basic support.</li>\r\n \t<li>Post as much information as you can on your requests: links and screenshots are always welcome! Provide us with all the information you can give us!</li>\r\n</ul>\r\n<p style=\"margin: 40px 0px 80px; text-align: left;\"><a class=\"button-winona btn btn-medium\" style=\"color: #fff; font-size: 14px; text-transform: uppercase; background: linear-gradient(342.59deg, #40DBBB 19.74%, #34BFA3 85.13%); box-shadow: 3px 11px 11px rgba(52, 191, 163, 0.18); border-radius: 30px; margin-right: 15px;\" href=\"#\">Open a ticket</a> <a class=\"button-winona btn btn-medium\" style=\"color: #fff; font-size: 14px; text-transform: uppercase; background: linear-gradient(90.99deg, #564EC0 -2.22%, #716ACA 101.4%); box-shadow: 3px 11px 11px rgba(52, 191, 163, 0.18); border-radius: 30px;\" href=\"#\">Presale question</a></p>","demo_button_background":"#34bfa3","purchase_button_background":"#34bfa3","demo_button_background_hover":"#60cbb6","purchase_button_background_hover":"#60cbb6","mt_divider_breadcrumbs":"","mt_divider_preloader_status":"","mt_divider_preloader_styling":"","mt_divider_preloader_animation":"","mt_divider_sidebars":"","mt_divider_googlefonts":"","mt_divider_predefined_skin":"","mt_divider_links":"","mt_divider_main_colors":"","mt_divider_text_selection":"","mt_divider_nav_menu":"","mt_divider_nav_submenu":"","mt_divider_4":"","mt_divider_5":"","mt_divider_6":"","mt_divider_7":"","mt_divider_responsive_h_tablets":"","mt_divider_responsive_h_smartphones":"","mt_divider_generalheader":"","mt_divider_header_stat":"","mt_divider_header_authentification":"","mt_divider_logo":"","mt_divider_favicon":"","mt_divider_footer_top":"","mt_divider_footer_row1":"","mt_divider_footer_row2":"","mt_divider_footer_row3":"","mt_divider_blog_layout":"","mt_divider_blog_elements":"","mt_divider_single_blog_layout":"","mt_divider_single_blog_typo":"","mt_divider_single_blog_elements":"","mt_divider_global_social_links":"","mt_divider_twitter_keys":"","wbc_demo_importer":"","redux_options_object":"","redux_import_export":"","redux-backup":1}